booba : booba
rohff : rohff
la fouine : lafouine78
kaaris : kaarisofficiel1
mac tyer : general_mactyer
joke : jokemtp
joey starr : joeystarr_
akhenaton : akhenatoniam
oxmo pucino : oxmopuccino
lino : monsieurbors
disiz : disizfr
gradur : gradidur
ixzo : ixzoo
niro : officielniro
bigflo et oli : bigfloetoli
orelsan : orel_san
youssoupha : youssouphamusik
rim'k : rimkofficiel
alonzo : alonzopsy4
soprano : sopranopsy4
tunisiano : tunisniper
blacko : blackoofficiel
diams : diams
kery james : keryjames922012
medine : medinrecords
black m : bmesrimes
maitre gims : maitrgims
canardo : canardo78190
maska : maskaleblanc9
grand corps malade : grandcorpsmalad
abd al malik : abdalmalik1
nessbeal : nessbealne2s
doc gyneco : gyneco
don choa : donchoarap
leck : leckyougo
hayce lemsi : hayce_lemsi
lim : lim92officiel
sefyu : zehefyu
sinik : sinikofficiel
grodash : grodashizzle
sultan : sultanofficiel
fababy : fababyofficiel
mister you : mryouofficiel
mc solaar : mcsolaar1
MC Jean Gab'1 : gab1mc
kool shen : officielks
despo rutti : desporutti93
guizmo : guizlabanquise
nekfeu : nekfeu1995
sneezy west : sneazzy
aketo : aketofficiel
l'algerino : algerino_off
jul : jul_levrai
hocus pocus : hocpoc
lord kossity : lordkossity
dosseh : dossehlafamine
nor : nor_officiel
lacrim : lacrim_officiel
seth gueko : sethgueko
still fresh : stillfresh
dinos punchlinovic : punchydinos
r.e.d.k. : redkcarpediem